data,sprint,ticket,competencia,criterio,nivel,veredito,peso,evidencia,acao
2026-09-21,S0,KAI-1,PROGRAMMING,PROG-BAS-1,BASIC,HIT,2,"Makefile bem estruturado: .PHONY correto, alvos coerentes, padrao self-documenting, variaveis extraidas. Acima do esperado para quem comecou Go ha 2 dias.",Manter
2026-09-21,S0,KAI-1,PROGRAMMING,PROG-INT-4,INTERMEDIATE,HIT,2,"Trouxe a decisao de branching para discussao ANTES de executar, em vez de decidir sozinho e me apresentar o fato consumado.",Manter esse reflexo
2026-09-21,S0,KAI-1,PROGRAMMING,PROG-BAS-4,BASIC,HIT,1,"KAI-1 entregue na data (seg 21/09) e sinalizou proativamente a capacidade reduzida no fim de semana.",Manter
2026-09-21,S0,KAI-1,PROGRAMMING,PROG-BAS-2,BASIC,MISS,2,"Binario compilado de 2.4MB commitado no HEAD e ja enviado ao remote. O .gitignore nao cobre o artefato que o proprio Makefile gera na raiz.",Remover do historico + ignorar bin/
2026-09-21,S0,KAI-1,PROGRAMMING,PROG-POOR-3,POOR,MISS,1,"'make help' usa $(MAKEFILE), variavel inexistente (o correto e $(MAKEFILE_LIST)). sed sem arquivo le stdin e TRAVA o terminal. Bug evitavel: bastava executar o alvo uma vez.",Corrigir e rodar todo alvo antes de commitar
2026-09-21,S0,KAI-1,PROGRAMMING,PROG-BAS-3,BASIC,MISS,1,"Example() chama main(). Intencao certa (provar que o harness roda), construcao errada: vira deadlock quando main() virar servidor HTTP no KAI-2.",Trocar por teste de unidade real no KAI-2
2026-09-21,S0,KAI-1,ARCHITECTURE,ARCH-BAS-1,BASIC,VOID,0,"ANULADO EM 22/09. Cobrei module path que o ticket KAI-1 nao especificava - o DoD era apenas make build/test rodando num clone limpo, e ele cumpriu. Falha de especificacao do TL, nao erro do dev. Correcao tecnica segue valida; a evidencia contra ele nao.",TL: adotar formato Dado/Sua decisao nos tickets
2026-09-21,S0,KAI-1,PRODUCT,PROD-BAS-2,BASIC,MISS,1,"REVISADO EM 22/09. README aspiracional e pratica legitima (README-driven development) e fica mantido. Defeito real remanescente: 'git clone https://github.com' truncado, e tempo presente em Como Executar prometendo servidor HTTP que ainda nao sobe.",Separar secao Status/Roadmap do que ja funciona
2026-09-22,S0,KAI-1,PROGRAMMING,PROG-BAS-2,BASIC,HIT,2,"Corrigiu 5 dos 6 apontamentos do review: binario fora do versionamento com bin/ ignorado e build redirecionado, MAKEFILE_LIST, module path, URL de clone. Ainda adotou por conta propria o nit cmd/api/main.go que era opcional.",Manter
2026-09-22,S0,KAI-1,PROGRAMMING,PROG-POOR-3,POOR,MISS,2,"REINCIDENCIA. 'make clean' usa 'rm -f bin' num diretorio: falha com erro, aborta o alvo antes do go clean -testcache e o binario sobrevive. Mesmo padrao exato do 'make help' - alvo escrito e nao executado. Segunda ocorrencia no mesmo ticket.",Rodar TODO alvo tocado antes do commit
2026-09-22,S0,KAI-1,PROGRAMMING,PROG-BAS-1,BASIC,HIT,2,"Fechou as 3 pendencias em uma rodada. Verificado: os 5 alvos do Makefile executam sem erro (build/test/lint/clean/help), vet/gofmt/golangci-lint limpos. Reagiu a critica sem atrito e sem discutir o obvio.",KAI-1 aprovado e fechado
